District code,Population,Male,Female,Literate,Households_with_Internet,State,District,Latitude,Longitude,Sex Ratio per 1000 males,Literacy Rate
4,140802,77785,63017,86236,235,Jammu and Kashmir,Kargil,33.565994894894914,76.63675315315312,810.14,61.25
5,476835,251899,224936,261724,346,Jammu and Kashmir,Punch,33.791241290322574,74.29593161290322,892.96,54.89
7,616435,326109,290326,389204,1443,Jammu and Kashmir,Kathua,32.51781678321678,75.58901398601404,890.27,63.14
10,1236829,651124,585705,748584,16413,Jammu and Kashmir,Srinagar,34.27312898550724,75.11021159420288,899.53,60.52
12,560440,293064,267376,293958,1537,Jammu and Kashmir,Pulwama,33.88414418604652,75.00921860465118,912.35,52.45
16,409936,213641,196295,219083,596,Jammu and Kashmir,Doda,33.359614675767915,76.07163720136518,918.81,53.44
19,554985,296784,258201,322354,1214,Jammu and Kashmir,Udhampur,33.04770670731707,75.15286951219511,870.0,58.08
21,1529958,813821,716137,1137135,19905,Jammu and Kashmir,Jammu,32.713199095022645,74.8477520361991,879.97,74.32
23,519080,261320,257760,323842,1615,Himachal Pradesh,Chamba,32.66741814595661,76.39354063116366,986.38,62.39
24,1510075,750591,759484,1152640,8053,Himachal Pradesh,Kangra,32.14093603238864,76.41205910931173,1011.85,76.33
26,437903,225452,212451,307672,2623,Himachal Pradesh,Kullu,31.90911922077925,77.40922649350647,942.33,70.26
27,999777,498065,501712,723747,5333,Himachal Pradesh,Mandi,31.635805940594054,76.96556930693067,1007.32,72.39
28,454768,217070,237698,358091,2521,Himachal Pradesh,Hamirpur,31.67668481012659,76.49767088607594,1095.03,78.74
28,454768,217070,237698,358091,2521,Uttar Pradesh,Hamirpur,25.738158381502892,79.82619479768789,1095.03,78.74
29,521173,263692,257481,399715,2412,Himachal Pradesh,Una,31.58330388349513,76.18353932038836,976.45,76.7
30,381956,192764,189192,287620,1574,Chhattisgarh,Bilaspur,22.356942982456143,81.99770350877188,981.47,75.3
30,381956,192764,189192,287620,1574,Himachal Pradesh,Bilaspur,31.3780422907489,76.65316079295157,981.47,75.3
31,580320,308754,271566,428578,5250,Himachal Pradesh,Solan,31.03864311926604,76.94442140672783,879.55,73.85
32,529855,276289,253566,362645,2220,Himachal Pradesh,Sirmaur,30.682764453961443,77.43184689507493,917.76,68.44
33,814010,425039,388971,612642,9177,Himachal Pradesh,Shimla,31.155725451807253,77.62573042168668,915.14,75.26
34,84121,46249,37872,60699,354,Himachal Pradesh,Kinnaur,31.60667184065933,78.51613736263741,818.87,72.16
35,2298323,1212617,1085706,1634719,14428,Punjab,Gurdaspur,32.04283371212125,75.3204064393939,895.34,71.13
36,815168,426311,388857,576567,9732,Punjab,Kapurthala,31.336592638036837,75.47641165644177,912.14,70.73
37,2193590,1145211,1048379,1622537,39082,Punjab,Jalandhar,31.250336907216507,75.54400350515463,915.45,73.97
38,1586625,809057,777568,1199699,13747,Punjab,Hoshiarpur,31.55157169811319,75.8469857442349,961.08,75.61
40,600163,320795,279368,426033,5138,Punjab,Fatehgarh Sahib,30.64290947368421,76.36208394736842,870.86,70.99
41,3498739,1867816,1630923,2560225,58589,Punjab,Ludhiana,30.76596397379912,75.83110851528383,873.17,73.18
42,995746,525920,469826,627889,7897,Punjab,Moga,30.756540067340065,75.1600845117845,893.34,63.06
43,2029074,1071637,957437,1227511,10042,Punjab,Firozpur,30.63407535211269,74.40245732394365,893.43,60.5
44,901896,475622,426274,524848,4571,Punjab,Muktsar,30.31243303303303,74.5518747747748,896.25,58.19
45,617508,326671,290837,381285,4348,Punjab,Faridkot,30.591187250996025,74.79751553784862,890.31,61.75
46,1388525,743197,645328,844868,11284,Punjab,Bathinda,30.190524611973352,75.05685898004438,868.31,60.85
47,769751,408732,361019,423560,2673,Punjab,Mansa,29.919547714285724,75.4304922857143,883.27,55.03
48,1895686,1002522,893164,1266791,24274,Punjab,Patiala,30.214540380693364,76.27505893949697,890.92,66.82
49,2490656,1318408,1172248,1684770,29961,Punjab,Amritsar,31.548679820627772,74.79883856502238,889.14,67.64
51,684627,357485,327142,502731,6600,Punjab,Rupnagar,30.910937330754347,76.53743500967126,915.12,73.43
53,1655169,878029,777140,1002077,10736,Punjab,Sangrur,30.185045204336895,75.89437014178496,885.1,60.54
55,1055450,580663,474787,805438,44283,Chandigarh,Chandigarh,30.7426,76.75872465753424,817.66,76.31
56,330086,168597,161489,215126,602,Uttaranchal,Uttarkashi,30.968958552036234,78.56880615384617,957.84,65.17
57,391605,193991,197614,280556,899,Uttaranchal,Chamoli,30.58338611464965,79.56281095541402,1018.68,71.64
59,618931,297986,320945,407994,1366,Uttaranchal,Tehri Garhwal,30.463700918635173,78.48783792650917,1077.05,65.92
62,483439,239306,244133,345550,1344,Uttaranchal,Pithoragarh,30.14720631868129,80.34229230769236,1020.17,71.48
63,259898,124326,135572,179483,435,Uttaranchal,Bageshwar,29.98703393393397,79.83954354354357,1090.46,69.06
64,622506,291081,331425,436497,1830,Uttaranchal,Almora,29.683532133676103,79.50165064267351,1138.6,70.12
65,259648,131125,128523,177726,548,Uttaranchal,Champawat,29.29142393939393,80.07720212121217,980.16,68.45
67,1648902,858783,790119,1037839,7883,Uttaranchal,Udham Singh Nagar,29.02779577677222,79.45629004524895,920.04,62.94
69,561293,299679,261614,405318,18615,Haryana,Panchkula,30.700897142857134,76.97173238095236,872.98,72.21
70,1128350,598703,529647,818025,12899,Haryana,Ambala,30.3503672316384,76.94970310734456,884.66,72.5
72,964655,510976,453679,646893,7356,Haryana,Kurukshetra,30.05652659846548,76.78774680306903,887.87,67.06
73,1074304,571003,503301,646529,3724,Haryana,Kaithal,29.96068539094649,76.37698930041155,881.43,60.18
74,1505324,797712,707612,978013,11163,Haryana,Karnal,29.703200647249204,76.87488025889972,887.05,64.97
75,1205437,646857,558580,786599,10024,Haryana,Panipat,29.34352134146342,76.92895914634147,863.53,65.25
77,1334152,713006,621146,832758,5263,Haryana,Jind,29.45149821958457,76.29598575667653,871.17,62.42
78,942011,495360,446651,557578,3210,Haryana,Fatehabad,29.57298318584072,75.54608716814157,901.67,59.19
79,1295189,682582,612607,782897,6287,Haryana,Sirsa,29.63583446327684,74.90970480225988,897.48,60.45
80,1743931,931562,812369,1114311,10132,Haryana,Hisar,29.23628731117825,75.84324682779452,872.05,63.9
81,1634445,866672,767773,1069871,5292,Haryana,Bhiwani,28.728868064516128,76.02110225806452,885.89,65.46
82,1061204,568479,492725,747582,8482,Haryana,Rohtak,28.892517647058817,76.53123235294117,866.74,70.45
83,958405,514667,443738,676091,5034,Haryana,Jhajjar,28.59651868131869,76.61137142857145,862.18,70.54
84,922088,486665,435423,630255,2624,Haryana,Mahendragarh,28.1352161458333,76.14018072916659,894.71,68.35
85,900332,474335,425997,636947,5121,Haryana,Rewari,28.19164714828897,76.55956007604564,898.09,70.75
86,1514432,816690,697742,1111116,67087,Haryana,Gurgaon,28.043894789579163,77.01935130260523,854.35,73.37
88,1809733,966110,843623,1272739,43437,Haryana,Faridabad,28.14873109756098,77.32718536585368,873.22,70.33
93,1709346,907500,801846,1352998,80037,Sikkim,East,27.29600352941175,88.74908392156858,883.58,79.15
99,1969168,1043340,925828,1193343,6295,Rajasthan,Ganganagar,29.256785412667963,73.56192303262948,887.37,60.6
100,1774692,931184,843508,1034136,3360,Rajasthan,Hanumangarh,29.1813351791531,74.74632573289902,905.84,58.27
101,2363937,1240801,1123136,1278801,7607,Rajasthan,Bikaner,28.12489068322981,73.26943322981371,905.17,54.1
102,2039547,1051446,988101,1149269,2577,Rajasthan,Churu,28.29330375536484,74.65846427038629,939.75,56.35
103,2137045,1095896,1041149,1370360,4828,Rajasthan,Jhunjhunun,28.13517401247401,75.52840893970894,950.04,64.12
104,3674179,1939026,1735153,2182476,9750,Rajasthan,Alwar,27.55271738035265,76.65359630562563,894.86,59.4
105,2548462,1355726,1192736,1480869,4179,Rajasthan,Bharatpur,27.32411858037578,77.21752077244258,879.78,58.11
106,1206516,653647,552869,683098,1330,Rajasthan,Dhaulpur,26.72397054945053,77.74476219780222,845.82,56.62
107,1458248,783639,674609,805849,1059,Rajasthan,Karauli,26.51901555555556,76.96081818181815,860.87,55.26
108,1335551,704031,631520,741748,1887,Rajasthan,Sawai Madhopur,26.251081180223288,76.4219283891548,897.01,55.54
109,1634409,857787,776622,938051,1719,Rajasthan,Dausa,26.91234817629181,76.57342097264443,905.38,57.39
110,6626178,3468507,3157671,4300965,76565,Rajasthan,Jaipur,27.033459290187885,75.77117286012533,910.38,64.91
111,2677333,1374990,1302343,1652117,5647,Rajasthan,Sikar,27.64644058641976,75.29317422839503,947.17,61.71
112,3307743,1696325,1611418,1758624,4449,Rajasthan,Nagaur,27.07862016048146,74.14215667001012,949.95,53.17
113,3687165,1923928,1763237,2031532,19335,Rajasthan,Jodhpur,26.678460838536967,73.00450847457628,916.48,55.1
114,669919,361708,308211,308653,754,Rajasthan,Jaisalmer,26.86900838548185,71.18371877346682,852.1,46.07
115,2603751,1369022,1234729,1188322,2766,Rajasthan,Barmer,25.77070908045978,71.50297126436782,901.91,45.64
116,1828730,936634,892096,829582,1585,Rajasthan,Jalor,25.07578093797277,72.18647261724662,952.45,45.36
117,1036346,534231,502115,476806,2146,Rajasthan,Sirohi,24.7976905263158,72.75309131578943,939.88,46.01
118,2037573,1025422,1012151,1085693,4043,Rajasthan,Pali,25.80490393541874,73.55285640766907,987.06,53.28
119,2583052,1324085,1258967,1526673,13499,Rajasthan,Ajmer,26.199300378787903,74.6990419191919,950.82,59.1
120,1421326,728136,693190,749659,1908,Rajasthan,Tonk,26.153935071707927,75.79192216427637,952.01,52.74
121,1110906,577160,533746,585044,1392,Rajasthan,Bundi,25.48580716049379,75.79984074074079,924.78,52.66
122,2408523,1220736,1187787,1256126,6207,Rajasthan,Bhilwara,25.45119767759564,74.63947595628417,973.01,52.15
123,1156597,581339,575258,619139,1989,Rajasthan,Rajsamand,25.24894767441859,73.96570215946844,989.54,53.53
124,1388552,696532,692020,681591,1477,Rajasthan,Dungarpur,23.75104807692308,73.84765641025645,993.52,49.09
125,1797485,907754,889731,829343,2324,Rajasthan,Banswara,23.453642032967014,74.44246868131869,980.15,46.14
126,1544338,783171,761167,821825,4941,Rajasthan,Chittaurgarh,24.631623761665463,74.80010997846382,971.9,53.22
127,1951014,1021161,929853,1298345,12843,Rajasthan,Kota,25.175718080000014,76.18618928000001,910.58,66.55
128,1222755,633945,588810,693307,1363,Rajasthan,Baran,24.98023243243244,76.86210651828291,928.8,56.7
129,1411129,725143,685986,739792,1750,Rajasthan,Jhalawar,24.24725541474657,76.11242891705065,946.0,52.43
130,3068420,1566801,1501619,1582629,14211,Rajasthan,Udaipur,24.44076752136749,73.84029839743584,958.4,51.58
131,867848,437744,430104,401515,716,Uttar Pradesh,Pratapgarh,25.864842731707316,81.93530048780492,982.55,46.27
132,3466382,1834106,1632276,2077108,9699,Uttar Pradesh,Saharanpur,30.03381165217392,77.59905147826095,889.96,59.92
133,4143512,2193434,1950078,2417339,10077,Uttar Pradesh,Muzaffarnagar,29.470507977736563,77.64017847866423,889.05,58.34
134,3682713,1921215,1761498,2135393,7303,Uttar Pradesh,Bijnor,29.313974259681096,78.45098815489754,916.87,57.98
135,4772006,2503186,2268820,2263848,11690,Uttar Pradesh,Moradabad,28.851770406189537,78.73580193423597,906.37,47.44
136,2335819,1223889,1111930,1043666,3847,Uttar Pradesh,Rampur,28.83244727272725,79.10977333333337,908.52,44.68
137,1840221,963449,876772,983110,2825,Uttar Pradesh,Jyotiba Phule Nagar,28.870498984771597,78.39009365482241,910.03,53.42
138,3443689,1825743,1617946,2141488,23717,Uttar Pradesh,Meerut,29.02957625698323,77.80611005586593,886.18,62.19
139,1303048,700070,602978,797970,2989,Uttar Pradesh,Baghpat,29.045793499999988,77.30266300000001,861.31,61.24
140,4681645,2488834,2192811,3123264,78116,Uttar Pradesh,Ghaziabad,28.74997308584685,77.67441879350343,881.06,66.71
141,1648115,890214,757901,1122947,53181,Uttar Pradesh,Gautam Buddha Nagar,28.393311038961038,77.52462467532465,851.37,68.14
142,3499171,1845260,1653911,2031656,7865,Uttar Pradesh,Bulandshahr,28.34875862068968,78.01082758620684,896.3,58.06
143,3673889,1951996,1721893,2092567,13634,Uttar Pradesh,Aligarh,27.93748576850093,78.00146831119557,882.12,56.96
145,2547184,1367125,1180059,1507746,8726,Uttar Pradesh,Mathura,27.59390432801821,77.62153416856502,863.17,59.19
146,4418797,2364953,2053844,2680510,27183,Uttar Pradesh,Agra,26.99512974910393,78.05278291517321,868.45,60.66
147,2498156,1332046,1166110,1521806,5834,Uttar Pradesh,Firozabad,27.20963993055552,78.42660624999998,875.43,60.92
148,1868529,993377,875152,1203885,2642,Uttar Pradesh,Mainpuri,27.17386862302482,79.03501851015807,880.99,64.43
150,4448359,2357665,2090694,2191759,15164,Uttar Pradesh,Bareilly,28.51101940789474,79.43187072368416,886.76,49.27
151,2031007,1072002,959005,1061095,2870,Uttar Pradesh,Pilibhit,28.52024175035868,79.90103974175037,894.59,52.24
152,3006538,1606403,1400135,1490930,3889,Uttar Pradesh,Shahjahanpur,27.991389350649328,79.8302275324675,871.6,49.59
154,4483992,2375264,2108728,2283733,3874,Uttar Pradesh,Sitapur,27.501995963091108,80.85288881199547,887.79,50.93
155,4092845,2191442,1901403,2221601,3845,Uttar Pradesh,Hardoi,27.337409090909137,80.26411767676768,867.65,54.28
156,3108367,1630087,1478280,1773584,3476,Uttar Pradesh,Unnao,26.63163990895297,80.636773292868,906.87,57.06
157,4589838,2394476,2195362,3127260,68506,Uttar Pradesh,Lucknow,26.838233589251463,80.89706026871404,916.84,68.13
158,3405559,1752542,1653017,1965843,5184,Uttar Pradesh,Rae Bareli,26.253902840059787,81.22260463378181,943.21,57.72
159,1885204,1006240,878964,1092677,2624,Uttar Pradesh,Farrukhabad,27.45063297872342,79.4406284574468,873.51,57.96
160,1656616,881776,774840,1017087,2488,Uttar Pradesh,Kannauj,26.993988617886185,79.64437940379408,878.73,61.4
161,1581810,845856,735954,1062003,2964,Uttar Pradesh,Etawah,26.78817670157068,79.07621806282728,870.07,67.14
162,1379545,740040,639505,930836,2404,Uttar Pradesh,Auraiya,26.66892394014961,79.42637057356607,864.15,67.47
163,1796184,963255,832929,1170243,2682,Uttar Pradesh,Kanpur Dehat,26.43047641196011,79.98710083056478,864.7,65.15
165,1689974,906092,783882,1075196,2217,Uttar Pradesh,Jalaun,26.067954587155988,79.36686911314993,865.12,63.62
166,1998603,1057436,941167,1304513,8517,Uttar Pradesh,Jhansi,25.45581535234902,78.89954580536917,890.05,65.27
167,1221592,641011,580581,641191,1079,Uttar Pradesh,Lalitpur,24.58877161016945,78.60082330508473,905.73,52.49
168,1104285,593537,510748,653299,1196,Himachal Pradesh,Hamirpur,31.67668481012659,76.49767088607594,860.52,59.16
168,1104285,593537,510748,653299,1196,Uttar Pradesh,Hamirpur,25.738158381502892,79.82619479768789,860.52,59.16
169,875958,466358,409600,488106,1316,Uttar Pradesh,Mahoba,25.34529670138888,79.67863003472216,878.3,55.72
170,1799410,965876,833534,1002937,1655,Uttar Pradesh,Banda,25.351885902503284,80.52487391304344,862.98,55.74
171,991730,527721,464009,531072,827,Uttar Pradesh,Chitrakoot,25.159924623803,81.07666087551297,879.27,53.55
172,2632733,1384722,1248011,1512166,3385,Uttar Pradesh,Fatehpur,25.8374362030905,80.85416203090509,901.27,57.44
173,3209141,1606085,1603056,1931559,5149,Uttar Pradesh,Pratapgarh,25.864842731707316,81.93530048780492,998.11,60.19
174,1599596,838485,761111,813424,1503,Uttar Pradesh,Kaushambi,25.53587532051282,81.41811282051287,907.72,50.85
175,5954391,3131807,2822584,3665727,24122,Uttar Pradesh,Allahabad,25.392038662316445,82.05172446982063,901.26,61.56
176,3260699,1707073,1553626,1692458,3159,Uttar Pradesh,Bara Banki,26.922777025232424,81.35762350597606,910.11,51.9
177,2470996,1259628,1211368,1450901,4746,Uttar Pradesh,Faizabad,26.60589185185181,82.00783530864202,961.69,58.72
178,2397888,1212410,1185478,1486939,2509,Uttar Pradesh,Ambedkar Nagar,26.39119025974028,82.68282142857147,977.79,62.01
179,3797117,1914586,1882531,2239902,5956,Uttar Pradesh,Sultanpur,26.2846386419753,82.05710456790123,983.26,58.99
180,3487731,1843884,1643847,1398368,2681,Uttar Pradesh,Bahraich,27.691776300578027,81.46779783237004,891.51,40.09
182,2148665,1114721,1033944,868357,1551,Uttar Pradesh,Balrampur,27.449076537911324,82.47158326180256,927.54,40.41
183,3433919,1787146,1646773,1679994,4313,Uttar Pradesh,Gonda,27.157215552099505,82.0226888024882,921.45,48.92
185,2464464,1255272,1209192,1393783,3423,Uttar Pradesh,Basti,26.833880454545447,82.69790590909092,963.29,56.56
186,1715183,869656,845527,954949,2031,Uttar Pradesh,Sant Kabir Nagar,26.791596516393444,83.0387764344262,972.25,55.68
188,4440895,2277777,2163118,2700328,14597,Uttar Pradesh,Gorakhpur,26.63315886792452,83.3549560377358,949.66,60.81
189,3564544,1818055,1746489,1954820,3486,Uttar Pradesh,Kushinagar,26.892530675909864,83.92261542461007,960.64,54.84
190,3100946,1537436,1563510,1875239,4469,Uttar Pradesh,Deoria,26.42218856548857,83.8244070686071,1016.96,60.47
191,4613913,2285004,2328909,2771917,6652,Uttar Pradesh,Azamgarh,26.008290954773837,83.01220251256285,1019.21,60.08
192,2205968,1114709,1091259,1363044,2656,Uttar Pradesh,Mau,26.01082203791469,83.50582654028433,978.96,61.79
193,3239774,1672902,1566872,1963590,4672,Uttar Pradesh,Ballia,25.86075638297873,84.03651978723408,936.62,60.61
194,4494204,2220465,2273739,2731677,8002,Uttar Pradesh,Jaunpur,25.70141280913127,82.54315351934063,1023.99,60.78
195,3620268,1855075,1765193,2197549,5309,Uttar Pradesh,Ghazipur,25.624724775583484,83.5360854578097,951.55,60.7
196,1952756,1017905,934851,1174606,3492,Uttar Pradesh,Chandauli,25.1180859611231,83.25307062634984,918.41,60.15
197,3676841,1921857,1754984,2403903,19214,Uttar Pradesh,Varanasi,25.36057088888889,82.82529666666672,913.17,65.38
199,2496970,1312302,1184668,1428683,4447,Uttar Pradesh,Mirzapur,25.10207959183675,82.60126628571429,902.74,57.22
200,1862559,971344,891215,985708,5149,Uttar Pradesh,Sonbhadra,24.46693268858798,83.06816324951639,917.51,52.92
201,1774480,947339,827141,1055202,2635,Uttar Pradesh,Etah,27.591155309734443,78.70021858407083,873.12,59.47
203,3935042,2061110,1873932,1759481,3495,Bihar,Pashchim Champaran,27.16064352201258,84.30265911949685,909.19,44.71
204,5099371,2681209,2418162,2276957,7719,Bihar,Purba Champaran,26.68129336734693,85.00382155612242,901.89,44.65
205,656246,346673,309573,283698,478,Bihar,Sheohar,26.458380748663107,85.29539411764709,892.98,43.23
206,3423574,1803252,1620322,1436794,3460,Bihar,Sitamarhi,26.56570069686413,85.61172491289203,898.56,41.97
207,4487379,2329313,2158066,2155338,5319,Bihar,Madhubani,26.41380538172716,86.16328360450552,926.48,48.03
208,2229076,1155283,1073793,1033283,1845,Bihar,Supaul,26.28157893772896,86.78496465201461,929.46,46.35
209,2811569,1463333,1348236,1195768,2561,Bihar,Araria,26.211528119180603,87.30766554934816,921.35,42.53
210,1690400,866970,823430,745056,1093,Bihar,Kishanganj,26.324336758321294,87.95045007235886,949.78,44.08
211,3264619,1699370,1565249,1332326,4170,Bihar,Purnia,25.81714801901739,87.40447606973065,921.08,40.81
212,3071029,1600430,1470599,1280190,2941,Bihar,Katihar,25.56565356037151,87.70466083591326,918.88,41.69
213,2001762,1047559,954203,834577,1397,Bihar,Madhepura,25.77341929460581,86.8978443983403,910.88,41.69
214,1900661,997174,903487,804996,1668,Bihar,Saharsa,25.821270696721303,86.54670819672135,906.05,42.35
215,3937385,2059949,1877436,1816634,6280,Bihar,Darbhanga,26.146187719298258,85.97387352472099,911.4,46.14
216,4801062,2527497,2273565,2509232,10290,Bihar,Muzaffarpur,26.18664417177915,85.32745092024543,899.53,52.26
217,2562012,1267666,1294346,1382998,3707,Bihar,Gopalganj,26.44874364161851,84.34636127167629,1021.05,53.98
218,3330464,1675090,1655374,1930175,3834,Bihar,Siwan,26.1736372013652,84.33766552901022,988.23,57.96
219,3951862,2022821,1929041,2157454,4509,Bihar,Saran,25.89656077844312,84.82266287425155,953.64,54.59
220,3495021,1844535,1650486,1926740,4810,Bihar,Vaishali,25.8134703180212,85.39247597173153,894.8,55.13
221,4261566,2230003,2031563,2142880,5379,Bihar,Samastipur,25.793205563909765,85.94833323308269,911.01,50.28
222,2970541,1567660,1402881,1548673,4644,Bihar,Begusarai,25.54302613168723,86.12560144032932,894.89,52.13
223,1666886,883786,783100,768028,1580,Bihar,Khagaria,25.53558891454964,86.56593256351037,886.07,46.08
224,3037766,1615663,1422103,1573066,6764,Bihar,Bhagalpur,25.277192885375477,87.04213814229242,880.2,51.78
225,2034763,1067140,967623,965321,1704,Bihar,Banka,24.832355642023337,86.8664916342413,906.74,47.44
226,1367765,729041,638724,801817,2653,Bihar,Munger,25.198537962962963,86.54173672839504,876.12,58.62
227,1000912,526345,474567,507270,1186,Bihar,Lakhisarai,25.183449321266963,86.12825701357468,901.63,50.68
228,636342,329743,306599,328676,631,Bihar,Sheikhpura,25.12472436548223,85.77839390862943,929.81,51.65
229,2877653,1497060,1380593,1519933,4156,Bihar,Nalanda,25.229345508982053,85.48053113772461,922.2,52.82
230,5838465,3078512,2759953,3459679,40692,Bihar,Patna,25.40297114503818,85.3198433587787,896.52,59.26
231,2728407,1430380,1298027,1599151,3661,Bihar,Bhojpur,25.50666439393939,84.49407803030304,907.47,58.61
232,1706352,887977,818375,989807,1784,Bihar,Buxar,25.48593018867924,84.08808081760995,921.62,58.01
234,2959918,1543546,1416372,1799832,4594,Bihar,Rohtas,24.99170460829495,83.9350762672811,917.61,60.81
235,2540073,1318684,1221389,1466002,2362,Bihar,Aurangabad,24.774291867469877,84.45986024096379,926.22,57.71
235,2540073,1318684,1221389,1466002,2362,Maharashtra,Aurangabad,20.0979228832952,75.32072196796334,926.22,57.71
236,4391418,2266566,2124852,2297613,6856,Bihar,Gaya,24.7266541547278,84.94291217765044,937.48,52.32
237,2219146,1144668,1074478,1091012,1841,Bihar,Nawada,24.825708836206903,85.61594568965519,938.68,49.16
238,1760405,916064,844341,858588,1839,Bihar,Jamui,24.78418380462726,86.26316298200514,921.71,48.77
239,1125313,585582,539731,618881,1106,Bihar,Jehanabad,25.155679045643165,84.9208124481328,921.7,55.0
245,49977,29151,20826,26073,96,Arunachal Pradesh,Tawang,27.680683962264148,91.82504245283016,714.42,52.17
246,83947,46155,37792,48492,202,Arunachal Pradesh,West Kameng,27.46486582278483,92.65015750452083,818.81,57.77
247,78690,38775,39915,38449,57,Arunachal Pradesh,East Kameng,27.371194055944056,93.04741486013997,1029.4,48.86
248,176573,89182,87391,121048,2477,Arunachal Pradesh,Papum Pare,27.273529716981127,93.54468183962264,979.92,68.55
249,83448,41758,41690,45278,139,Arunachal Pradesh,Upper Subansiri,28.277196566523585,93.8991435622318,998.37,54.26
250,112274,58168,54106,64746,303,Arunachal Pradesh,West Siang,28.106296920289843,94.53510344202908,930.17,57.67
251,99214,50116,49098,62576,450,Arunachal Pradesh,East Siang,28.15382352941176,95.06499226006191,979.69,63.07
252,35320,18699,16621,18195,97,Arunachal Pradesh,Upper Siang,28.8309244897959,95.00155765306124,888.87,51.51
253,148226,76948,71278,73174,170,Arunachal Pradesh,Changlang,27.36048479338845,96.37552644628106,926.31,49.37
254,111975,57604,54371,47974,98,Arunachal Pradesh,Tirap,26.94406229508198,95.41470327868862,943.88,42.84
255,83030,41843,41187,54057,381,Arunachal Pradesh,Lower Subansiri,27.70849297297297,93.96226108108112,984.32,65.11
256,92076,45318,46758,36606,95,Arunachal Pradesh,Kurung Kumey,28.04853351800553,93.24531994459834,1031.78,39.76
258,54080,28053,26027,31849,207,Arunachal Pradesh,Lower Dibang Valley,28.32651730103806,95.76567335640142,927.78,58.89
259,145726,76221,69505,83062,312,Arunachal Pradesh,Lohit,27.946785273972623,96.59670770547945,911.89,57.0
261,250260,131753,118507,119626,178,Nagaland,Mon,26.69207374301676,95.03072988826828,899.46,47.8
262,194622,101092,93530,159494,537,Nagaland,Mokokchung,26.478911764705888,94.522426006192,925.2,81.95
263,140757,71217,69540,102881,261,Nagaland,Zunheboto,26.028178205128206,94.50026666666668,976.45,73.09
264,166343,84505,81838,128208,198,Nagaland,Wokha,26.202611551155112,94.1990815181518,968.44,77.07
265,378811,197394,181417,278037,3303,Nagaland,Dimapur,25.814176811594223,93.75074057971014,919.06,73.4
266,163418,83743,79675,105893,170,Nagaland,Phek,25.63272986577182,94.56814563758392,951.42,64.8
267,196596,101933,94663,117511,155,Nagaland,Tuensang,26.21104453280316,94.85809880715708,928.68,59.77
270,267988,138966,129022,197489,1928,Nagaland,Kohima,25.60311428571428,93.78600657596373,928.44,73.69
272,479148,247323,231825,264477,256,Manipur,Senapati,25.08465586034914,94.03366234413956,937.34,55.2
273,140651,72371,68280,85006,125,Manipur,Tamenglong,24.98312942238265,93.49450740072204,943.47,60.44
274,274143,138820,135323,195935,837,Manipur,Churachandpur,24.30309718875504,93.38671506024085,974.81,71.47
275,237399,118782,118617,156333,676,Manipur,Bishnupur,24.50712111801243,93.8246236024845,998.61,65.85
276,422168,210845,211323,269304,880,Manipur,Thoubal,24.545392553191498,93.97959893617023,1002.27,63.79
279,183998,94718,89280,129829,276,Manipur,Ukhrul,25.05900314960629,94.44129566929138,942.59,70.56
280,144182,74579,69603,90302,184,Manipur,Chandel,24.2635812987013,94.09443844155844,933.28,62.63
281,86364,44828,41536,60191,90,Mizoram,Mamit,23.73852942502819,92.4330803833147,926.56,69.69
282,83955,42918,41037,65895,367,Mizoram,Kolasib,24.2020004347826,92.73470391304348,956.17,78.49
283,400309,199270,201039,340595,4019,Mizoram,Aizawl,23.90781335453101,92.85359459459472,1008.88,85.08
284,125745,63388,62357,100802,186,Mizoram,Champhai,23.54166580976866,93.24221799485862,983.74,80.16
285,64937,32851,32086,54476,131,Mizoram,Serchhip,23.263864705882344,92.914158496732,976.71,83.89
286,161428,82891,78537,121122,482,Mizoram,Lunglei,23.007717036172675,92.63512555425892,947.47,75.03
287,117894,60599,57295,62861,162,Mizoram,Lawngtlai,22.36102843137253,92.66964156862753,945.48,53.32
288,56574,28594,27980,42233,168,Mizoram,Saiha,22.35744801061008,93.02827931034489,978.53,74.65
289,1725739,879428,846311,1361354,6394,Tripura,West Tripura,23.780166241299337,91.41310788863107,962.34,78.89
290,876001,447544,428457,646810,948,Tripura,South Tripura,23.211874098057383,91.6065807585568,957.35,73.84
291,378230,194544,183686,276217,273,Tripura,Dhalai,23.781360477941163,91.94654283088232,944.19,73.03
292,693947,352860,341087,520402,997,Tripura,North Tripura,24.121739755351683,92.17842538226292,966.64,74.99
293,643291,324159,319132,358702,1630,Meghalaya,West Garo Hills,25.495285185185185,90.03709947089942,984.49,55.76
294,317917,161223,156694,192147,288,Meghalaya,East Garo Hills,25.82728228228228,90.64684924924916,971.91,60.44
295,142334,73170,69164,82062,179,Meghalaya,South Garo Hills,25.240568578553614,90.64560349127176,945.25,57.65
296,383461,193715,189746,230678,149,Meghalaya,West Khasi Hills,25.500889926739926,91.25364542124538,979.51,60.16
298,825922,410749,415173,578030,5032,Meghalaya,East Khasi Hills,25.303763888888884,91.75922519841272,1010.77,69.99
299,395124,196285,198839,187527,510,Meghalaya,Jaintia Hills,25.33959557069844,92.37608160136298,1013.01,47.46
300,887142,452905,434237,489305,1218,Assam,Kokrajhar,26.497246635730868,90.13997470997688,958.78,55.16
302,1008183,513292,494891,563577,1364,Assam,Goalpara,26.017277777777807,90.59869891598912,964.15,55.9
303,1693622,867004,826618,897058,2078,Assam,Barpeta,26.427872264631056,90.97912010178116,953.42,52.97
305,2823768,1439112,1384656,1710716,5121,Assam,Nagaon,26.26462170626351,92.9306191144708,962.16,60.58
306,1924110,983904,940206,1108572,4358,Assam,Sonitpur,26.73514926829268,92.85197804878044,955.59,57.61
307,1042137,529674,512463,683486,1948,Assam,Lakhimpur,27.14128805970149,94.0775949253732,967.51,65.59
308,686133,351249,334884,423028,1192,Assam,Dhemaji,27.586533438485816,94.71336908517353,953.41,61.65
309,1327929,680231,647698,798322,5135,Assam,Tinsukia,27.53549291139241,95.69055949367085,952.17,60.12
310,1326335,676434,649901,884531,8817,Assam,Dibrugarh,27.30612284482757,95.0998282327587,960.78,66.69
312,1092256,556805,535451,794929,5651,Assam,Jorhat,26.76244824016563,94.30197722567289,961.65,72.78
313,1066888,543161,523727,721764,3073,Assam,Golaghat,26.377219709794485,93.82583397823468,964.22,67.65
314,956313,490167,466146,557214,1923,Assam,Karbi Anglong,26.08966454598031,93.11536570271832,950.99,58.27
316,1736617,886284,850333,1174128,5316,Assam,Cachar,24.815570668693017,92.86849650455927,959.44,67.61
317,1228686,625864,602822,795297,1933,Assam,Karimganj,24.69660712250711,92.3679498575498,963.18,64.73
318,659296,337890,321406,407366,1211,Assam,Hailakandi,24.457496089385486,92.59154664804475,951.21,61.79
319,738804,375818,362986,434078,2523,Assam,Bongaigaon,26.45012521994133,90.6734296187684,965.86,58.75
321,1517542,778461,739081,995319,3109,Assam,Kamrup,26.170939452054807,91.58863273972592,949.41,65.59
323,771639,396006,375633,531771,1631,Assam,Nalbari,26.46323767605632,91.40598521126763,948.55,68.91
325,928500,475273,453227,487039,1166,Assam,Darrang,26.58463215962442,92.04141338028155,953.61,52.45
327,1846823,937259,909564,1315585,10943,West Bengal,Darjiling,26.839619571045585,88.33145067024122,970.45,71.24
328,3872846,1983064,1889782,2498780,9322,West Bengal,Jalpaiguri,26.62642031250004,89.04154375000003,952.96,64.52
330,3007134,1551066,1456068,1489667,2883,West Bengal,Uttar Dinajpur,26.044619165196977,88.23595232216337,938.75,49.54
331,1676276,857199,819077,1083685,2518,West Bengal,Dakshin Dinajpur,25.342094363021435,88.69821679819614,955.53,64.65
332,3988845,2051541,1937304,2086432,5357,West Bengal,Maldah,25.08026802575105,88.17191684549356,944.32,52.31
333,7103807,3627564,3476243,4055834,7951,West Bengal,Murshidabad,24.25950655391121,88.16816860465121,958.29,57.09
334,3502404,1790920,1711484,2158447,5210,West Bengal,Birbhum,24.06389342723,87.65153089201888,955.65,61.63
335,7717563,3966889,3750674,5247208,32323,West Bengal,Barddhaman,23.444453888888884,87.8150581111111,945.5,67.99
336,5167600,2653768,2513832,3480555,12787,West Bengal,Nadia,23.56410971055088,88.58293034547152,947.27,67.35
338,5519145,2814653,2704492,4078388,31725,West Bengal,Hugli,22.87929264705881,88.00010264705891,960.86,73.9
339,3596674,1838095,1758579,2232992,4273,West Bengal,Bankura,23.081280892857155,87.12640053571437,956.74,62.08
340,2930115,1496996,1433119,1624905,3551,West Bengal,Puruliya,23.254192328767108,86.3968532876713,957.33,55.46
341,4850029,2500819,2349210,3605206,30751,West Bengal,Haora,22.401674174428507,87.99421176968654,939.38,74.33
342,4496694,2356766,2139928,3588137,136618,West Bengal,Kolkata,22.550581481481483,88.3527648148148,907.99,79.8
346,1322784,683575,639209,653476,565,Jharkhand,Garhwa,24.082114689265527,83.68664265536722,935.1,49.4
347,1042886,533935,508951,510061,590,Jharkhand,Chatra,24.11619945750453,84.93295804701627,953.21,48.91
349,2445474,1258098,1187376,1253475,1944,Jharkhand,Giridih,24.30578509874329,86.08710915619386,943.79,51.26
350,1492073,775022,717051,793538,1944,Jharkhand,Deoghar,24.33070100755672,86.75697632241814,925.2,53.18
351,1313551,677927,635624,604519,874,Jharkhand,Godda,24.8189,87.2941735483871,937.6,46.02
352,1150567,589391,561176,483263,591,Jharkhand,Sahibganj,24.93667989690721,87.68264097938142,952.13,42.0
353,900422,452661,447761,352881,328,Jharkhand,Pakur,24.57260428082189,87.69691969178076,989.18,39.19
354,2684487,1405956,1278531,1722204,11568,Jharkhand,Dhanbad,23.854509090909097,86.40372924901185,909.37,64.15
355,2062330,1072807,989523,1273520,9754,Jharkhand,Bokaro,23.6814965034965,85.98398374125864,922.37,61.75
356,461790,232629,229161,259707,351,Jharkhand,Lohardaga,23.488796043165483,84.6605169064748,985.09,56.24
358,1939869,1006302,933567,1024563,2155,Jharkhand,Palamu,24.196925968109337,84.20310842824594,927.72,52.82
359,726978,369666,357312,350682,340,Jharkhand,Latehar,23.72511185840708,84.48298743362837,966.58,48.24
362,1321442,668514,652928,672409,1193,Jharkhand,Dumka,24.275006125574265,87.27662450229711,976.69,50.88
363,791042,404830,386212,426312,808,Jharkhand,Jamtara,23.97873318077801,86.95325080091534,954.01,53.89
364,2914253,1494937,1419316,1911433,22538,Jharkhand,Ranchi,23.184235061391547,85.31781937244203,949.42,65.59
366,1025213,514390,510823,559720,831,Jharkhand,Gumla,23.078532948929148,84.55056787479396,993.07,54.6
367,599578,300309,299269,343483,423,Jharkhand,Simdega,22.608760391198054,84.59193691931536,996.54,57.29
371,579505,296690,282815,405879,2498,Orissa,Jharsuguda,21.827058566978184,83.93581682242987,953.23,70.04
372,1041099,526877,514222,703691,5231,Orissa,Sambalpur,21.515752380952385,84.34958483245157,975.98,67.59
374,2093437,1061147,1032290,1342322,12787,Orissa,Sundargarh,22.06354819277107,84.50524819277099,972.81,64.12
376,2519738,1256213,1263525,1369397,2950,Orissa,Mayurbhanj,21.897621545157754,86.4030408052231,1005.82,54.35
377,2320529,1185787,1134742,1621232,7370,Orissa,Baleshwar,21.48570932311624,87.08085828011933,956.95,69.86
378,1506337,760260,746077,1094140,2637,Orissa,Bhadrak,20.95262735257214,86.81496204516931,981.34,72.64
379,1440361,717814,722547,1089265,1628,Orissa,Kendrapara,20.606319815982264,86.83763247572003,1006.59,75.62
381,2624470,1352760,1271710,2011469,15046,Orissa,Cuttack,20.407640646029623,85.7776810228802,940.09,76.64
383,1192811,612593,580218,829910,1810,Orissa,Dhenkanal,20.79887159353349,85.53226836027711,947.15,69.58
385,962789,502636,460153,688362,1163,Orissa,Nayagarh,20.192895622119817,85.05614700460825,915.48,71.5
386,2251673,1167137,1084536,1749936,35701,Orissa,Khordha,20.054162322274863,85.52234834123229,929.23,77.72
387,1698730,865380,833350,1291939,3416,Orissa,Puri,19.83509174603177,85.86698989898981,962.99,76.05
388,3529031,1779218,1749813,2210050,9049,Orissa,Ganjam,19.2632617564534,84.80297710437702,983.47,62.62
389,577817,282882,294935,262537,635,Orissa,Gajapati,19.121080882352945,84.14015091911759,1042.61,45.44
390,733110,359945,373165,399786,768,Orissa,Kandhamal,20.092878624813142,84.02216352765326,1036.73,54.53
394,610382,301962,308420,299383,757,Orissa,Nuapada,20.471309512195116,82.59152536585364,1021.39,49.05
395,1576869,787101,789768,802036,1953,Orissa,Kalahandi,19.784253092783523,83.1124043814433,1003.39,50.86
396,967911,471960,495951,407735,1553,Orissa,Rayagada,19.292840020060204,83.45860120361095,1050.83,42.13
398,1379647,678809,700838,568090,3988,Orissa,Koraput,18.82627794779476,82.81278469846964,1032.45,41.18
399,613192,303624,309568,244706,448,Orissa,Malkangiri,18.25227930367506,81.98293636363628,1019.58,39.91
400,658917,334737,324180,397823,1667,Chhattisgarh,Koriya,23.50412776859501,82.12515636363635,968.46,60.38
401,2359886,1193129,1166757,1187941,2737,Chhattisgarh,Surguja,23.32719278728607,83.23582493887531,977.9,50.34
402,851669,424747,426922,495415,567,Chhattisgarh,Jashpur,22.77286167664669,83.8703962075848,1005.12,58.17
403,1493984,750278,743706,951639,3342,Chhattisgarh,Raigarh,22.008265068493166,83.27797698630134,991.24,63.7
403,1493984,750278,743706,951639,3342,Maharashtra,Raigarh,18.453257637845976,73.0090609418579,991.24,63.7
404,1206640,612915,593725,748759,4544,Chhattisgarh,Korba,22.491712499999995,82.57604326923074,968.69,62.05
406,2663629,1351574,1312055,1596560,8566,Chhattisgarh,Bilaspur,22.356942982456143,81.99770350877188,970.76,59.94
406,2663629,1351574,1312055,1596560,8566,Himachal Pradesh,Bilaspur,31.3780422907489,76.65316079295157,970.76,59.94
409,3343872,1682101,1661771,2303378,16141,Chhattisgarh,Durg,21.194463849287164,81.33181639511197,987.91,68.88
410,4063872,2048186,2015686,2629749,20261,Chhattisgarh,Raipur,20.88603153846152,82.20032759615388,984.13,64.71
411,1032754,511967,520787,637963,961,Chhattisgarh,Mahasamund,21.223727037773354,82.65925427435384,1017.23,61.77
412,799781,397897,401884,546833,1016,Chhattisgarh,Dhamtari,20.554912627291245,81.7569195519348,1010.02,68.37
414,1413199,698487,714712,650863,1782,Chhattisgarh,Bastar,19.393866751269048,81.52895126903546,1023.23,46.06
417,255230,128663,126567,86919,117,Karnataka,Bijapur,16.84015316666667,75.95909166666665,983.71,34.06
418,687861,361784,326077,328025,273,Madhya Pradesh,Sheopur,25.78014810996563,77.16911116838484,901.3,47.69
419,1965970,1068417,897553,1179685,1781,Madhya Pradesh,Morena,26.37313504531724,77.88447341389724,840.08,60.01
420,1703005,926843,776162,1094917,1166,Madhya Pradesh,Bhind,26.35951126187245,78.7618324287653,837.43,64.29
421,2032036,1090327,941709,1357210,15779,Madhya Pradesh,Gwalior,26.04074441964285,78.12782433035713,863.69,66.79
422,786754,420157,366597,491445,616,Madhya Pradesh,Datia,25.90226439560441,78.63916571428574,872.52,62.46
423,1726050,919795,806255,900846,1852,Madhya Pradesh,Shivpuri,25.37802451874367,77.74861600810549,876.56,52.19
424,1445166,760355,684811,747940,1090,Madhya Pradesh,Tikamgarh,25.14099852104666,78.89357064846428,900.65,51.75
425,1762375,936121,826254,943033,1880,Madhya Pradesh,Chhatarpur,24.813637376460004,79.56449299191374,882.64,53.51
426,1016520,533480,483040,552559,653,Madhya Pradesh,Panna,24.451325840092657,80.21133001158752,905.45,54.36
427,2378458,1256257,1122201,1545719,4546,Madhya Pradesh,Sagar,23.800318709677374,78.71940357771273,893.29,64.99
428,1264219,661873,602346,747715,1432,Madhya Pradesh,Damoh,23.76624407960196,79.47049303482588,910.06,59.14
429,2228935,1157495,1071440,1371781,3754,Madhya Pradesh,Satna,24.62777621776502,80.75547048710598,925.65,61.54
430,2365106,1225100,1140006,1441757,3406,Madhya Pradesh,Rewa,24.861184625158856,81.57572465057183,930.54,60.96
431,644758,330674,314084,356672,839,Madhya Pradesh,Umaria,23.59601063063061,80.90879477477475,949.83,55.32
432,826067,422653,403414,508834,1945,Madhya Pradesh,Neemuch,24.70311893333336,75.06608186666664,954.48,61.6
433,1340411,682851,657560,834591,2324,Madhya Pradesh,Mandsaur,24.19278764044944,75.43588667736759,962.96,62.26
434,1455069,738241,716828,825880,3644,Madhya Pradesh,Ratlam,23.503562290502792,75.14895782122909,970.99,56.76
435,1986864,1016289,970575,1240990,7501,Madhya Pradesh,Ujjain,23.319288862745065,75.80383717647058,955.02,62.46
436,1512681,780520,732161,894612,1382,Madhya Pradesh,Shajapur,23.566620317220547,76.33555181268885,938.04,59.14
437,1563715,805359,758356,925369,3518,Madhya Pradesh,Dewas,22.7851110021322,76.46088805970157,941.64,59.18
438,2185793,1112725,1073068,1077338,2388,Madhya Pradesh,Dhar,22.572681718963157,75.1105620736698,964.36,49.29
439,3276697,1699627,1577070,2309130,48691,Madhya Pradesh,Indore,22.680265752128648,75.9133801324502,927.89,70.47
441,1385881,699340,686541,549926,1158,Madhya Pradesh,Barwani,21.702135714285724,74.91004719710673,981.7,39.68
442,1545814,790212,755602,804245,1611,Madhya Pradesh,Rajgarh,23.785499026425583,76.66431223922116,956.2,52.03
443,1458875,769568,689307,862918,1926,Madhya Pradesh,Vidisha,23.82838307984792,77.9013507604563,895.71,59.15
444,2371061,1236130,1134931,1660690,40788,Madhya Pradesh,Bhopal,23.480726143790854,77.39246623093679,918.13,70.04
445,1311332,683743,627589,780362,1566,Madhya Pradesh,Sehore,22.9297199679658,77.06780202883085,917.87,59.51
446,1331597,700358,631239,820220,1141,Madhya Pradesh,Raisen,23.292518206521724,78.16305495923909,901.31,61.6
447,1575362,799236,776126,939769,2109,Madhya Pradesh,Betul,21.964626315789477,77.7873428189117,971.08,59.65
448,570465,294838,275627,352550,986,Madhya Pradesh,Harda,22.227659781121783,77.07022571819435,934.84,61.8
449,1241350,648725,592625,810644,2871,Madhya Pradesh,Hoshangabad,22.595268801996703,78.02168094841929,913.52,65.3
450,1292042,662013,630029,790773,2179,Madhya Pradesh,Katni,23.724416229116937,80.33819665871127,951.69,61.2
451,2463289,1277278,1186011,1756468,20443,Madhya Pradesh,Jabalpur,23.18525572327043,79.98328754716981,928.55,71.31
453,704524,351913,352611,378714,554,Madhya Pradesh,Dindori,22.83738437047757,81.04332966714911,1001.98,53.75
454,1054905,525272,529633,604962,912,Madhya Pradesh,Mandla,22.70348712446353,80.38600543633753,1008.3,57.35
455,2090922,1064468,1026454,1294198,3588,Madhya Pradesh,Chhindwara,22.227966971713823,78.76413136439254,964.29,61.9
456,1379131,695879,683252,864194,1182,Madhya Pradesh,Seoni,22.33230487804874,79.66053863928111,981.85,62.66
457,1701698,842178,859520,1147623,1712,Madhya Pradesh,Balaghat,21.80020720640569,80.42170053380796,1020.59,67.44
458,1241519,649362,592157,653980,2482,Madhya Pradesh,Guna,24.49043927178156,77.2235895968791,911.91,52.68
459,845071,443837,401234,469109,619,Madhya Pradesh,Ashoknagar,24.63098846153845,77.82974493927134,904.01,55.51
460,1066063,540021,526042,604194,1733,Madhya Pradesh,Shahdol,23.44859864559819,81.4596831828442,974.11,56.68
461,749237,379114,370123,436595,1290,Madhya Pradesh,Anuppur,23.18184220430107,81.86560000000007,976.28,58.27
462,1127033,575912,551121,600785,837,Madhya Pradesh,Sidhi,24.17547189952905,82.1053783359498,956.95,53.31
464,1025048,515023,510025,352081,744,Madhya Pradesh,Jhabua,22.419578015397768,74.40921616766468,990.3,34.35
467,757847,388504,369343,408679,986,Madhya Pradesh,Burhanpur,21.364567254408065,76.24460478589425,950.68,53.93
468,2092371,1096737,995634,1252319,9631,Gujarat,Kachchh,23.48057203301311,68.82192301497916,907.81,59.85
469,3120506,1610379,1510127,1704923,3424,Gujarat,Banas Kantha,24.258538965517253,71.93205252873561,937.75,54.64
470,1343734,694397,649337,837913,2231,Gujarat,Patan,23.80634198473284,71.75162977099237,935.11,62.36
471,2035064,1056520,978544,1502645,7759,Gujarat,Mahesana,23.529355452865065,72.45545194085031,926.2,73.84
472,2428589,1244231,1184358,1578734,5262,Gujarat,Sabar Kantha,23.71803594548552,73.13638790459964,951.88,65.01
473,1391753,723864,667889,1030494,12107,Gujarat,Gandhinagar,23.193679790026252,72.67221679790026,922.67,74.04
474,7214225,3788051,3426174,5435760,126341,Gujarat,Ahmadabad,22.605425564971743,72.23898135593227,904.47,75.35
475,1756268,909917,846351,1093626,2975,Gujarat,Surendranagar,22.82672007299272,71.48358740875906,930.14,62.27
476,3804558,1974445,1830113,2725056,21785,Gujarat,Rajkot,22.40603377715488,70.83679439383323,926.9,71.63
477,2160119,1114192,1045927,1396534,11573,Gujarat,Jamnagar,22.410600414263328,69.62062005768233,938.73,64.65
478,585449,300209,285240,393678,1653,Gujarat,Porbandar,21.55092351651571,69.71896987722886,950.14,67.24
479,2743082,1404356,1338726,1842818,6628,Daman and Diu,Junagadh,20.72568199498111,70.83985639899612,953.27,67.18
479,2743082,1404356,1338726,1842818,6628,Gujarat,Junagadh,20.929523011609785,70.54733890140345,953.27,67.18
480,1514190,771049,743141,995459,2538,Gujarat,Amreli,21.04832649310872,71.43457637825426,963.81,65.74
481,2880365,1490201,1390164,1887255,7297,Gujarat,Bhavnagar,21.70219390341736,72.16272632761141,932.87,65.52
482,2092745,1087224,1005521,1551253,9902,Gujarat,Anand,22.282718206229863,72.57782051557454,924.85,74.13
483,2299885,1185727,1114158,1660243,5710,Gujarat,Kheda,22.88765312500002,73.018803515625,939.64,72.19
484,2390776,1226961,1163815,1440805,3456,Gujarat,Panch Mahals,22.80435606837605,73.61984598290586,948.53,60.27
486,4165626,2153736,2011890,2893080,53606,Gujarat,Vadodara,22.26133739279589,73.49433010291594,934.14,69.45
487,590297,301086,289211,370336,576,Gujarat,Narmada,21.70666386292833,73.68403208722742,960.56,62.74
488,1551019,805707,745312,1118276,10257,Gujarat,Bharuch,21.75787276237761,72.67326346710801,925.04,72.1
489,228291,113821,114470,140968,137,Gujarat,The Dangs,20.801633877551023,73.6883518367347,1005.7,61.75
490,1329672,678165,651507,1001909,6726,Gujarat,Navsari,20.866973318871995,72.86184869848157,960.69,75.35
491,1705678,887222,818456,1170657,11020,Gujarat,Valsad,20.44238231644259,72.9148584798345,922.49,68.63
492,6081322,3402224,2679098,4571410,55694,Gujarat,Surat,21.25761372772093,72.93488716344339,787.45,75.17
495,191173,124659,66514,150348,1316,Daman and Diu,Daman,20.431616666666677,72.8392366071429,533.57,78.64
497,1648295,833170,815125,906509,2579,Maharashtra,Nandurbar,21.523175625248147,74.32638757443429,978.34,55.0
498,2050862,1054031,996831,1293916,6065,Maharashtra,Dhule,21.274018690400517,74.58719071837263,945.73,63.09
499,4229917,2197365,2032552,2891882,14297,Maharashtra,Jalgaon,20.8828943415638,75.55140421810695,925.0,68.37
500,2586258,1337560,1248698,1879874,4767,Maharashtra,Buldana,20.56680611183355,76.39017880364096,933.56,72.69
501,1813906,932334,881572,1411281,6163,Maharashtra,Akola,20.746310479041902,77.12122320359276,945.55,77.8
502,1197160,620302,576858,869917,1875,Maharashtra,Washim,20.282282394366213,77.25502394366208,929.96,72.67
503,2888445,1480768,1407677,2251875,9438,Maharashtra,Amravati,21.16520991810736,77.67583503184723,950.64,77.96
504,1300774,668385,632389,1019458,4313,Maharashtra,Wardha,20.80743024390242,78.57259105691062,946.14,78.37
505,4653570,2384975,2268595,3673808,57964,Maharashtra,Nagpur,21.196556862745105,79.02166176470584,951.2,78.95
506,1200334,605520,594814,899860,2932,Maharashtra,Bhandara,21.211792649727748,80.10950199637024,982.32,74.97
507,1322507,661554,660953,1004243,2866,Maharashtra,Gondiya,21.225008411214997,80.17522698598128,999.09,75.93
509,2204307,1123834,1080473,1578615,8239,Maharashtra,Chandrapur,20.095609090909075,79.31556380471388,961.42,71.62
510,2772348,1419965,1352383,2022574,6094,Maharashtra,Yavatmal,20.04258346738159,78.05326371760479,952.41,72.96
511,3361292,1730075,1631217,2189425,7548,Maharashtra,Nanded,19.209316983017,77.6829048951049,942.86,65.14
512,1177345,606294,571051,790743,1221,Maharashtra,Hingoli,19.59525302245251,77.09239412780653,941.87,67.16
513,1836086,942870,893216,1157814,3982,Maharashtra,Parbhani,19.31032425249168,76.70163338870431,947.34,63.06
514,1959046,1011473,947573,1195523,3791,Maharashtra,Jalna,19.984612534818933,75.98473607242339,936.82,61.03
515,3701282,1924469,1776813,2503837,23258,Bihar,Aurangabad,24.774291867469877,84.45986024096379,923.27,67.65
515,3701282,1924469,1776813,2503837,23258,Maharashtra,Aurangabad,20.0979228832952,75.32072196796334,923.27,67.65
516,6107187,3157186,2950001,4345366,45039,Maharashtra,Nashik,20.266912871287143,74.03824168316828,934.38,71.15
517,11060148,5865078,5195070,8227161,256170,Maharashtra,Thane,19.698767747440264,72.79882742564581,885.76,74.39
520,2634200,1344345,1289855,1939994,38570,Chhattisgarh,Raigarh,22.008265068493166,83.27797698630134,959.47,73.65
520,2634200,1344345,1289855,1939994,38570,Maharashtra,Raigarh,18.453257637845976,73.0090609418579,959.47,73.65
521,9429408,4924105,4505303,7171723,235018,Maharashtra,Pune,18.51696171428573,74.12922881632647,914.95,76.06
523,2585049,1349106,1235943,1718507,5614,Maharashtra,Bid,18.952353340080982,75.69319706477731,916.12,66.48
524,2454196,1273140,1181056,1650672,6217,Maharashtra,Latur,18.348687268993856,76.75812607802874,927.67,67.26
525,1657576,861535,796041,1137810,3209,Maharashtra,Osmanabad,18.19459456066944,75.99495575313809,923.98,68.64
526,4317756,2227852,2089904,2910676,15145,Maharashtra,Solapur,17.837357937584812,75.42394823609216,938.08,67.41
527,3003741,1510842,1492899,2225694,14093,Maharashtra,Satara,17.6737908974359,74.18052064102558,988.12,74.1
528,1615069,761121,853948,1199392,7752,Maharashtra,Ratnagiri,17.210195070127703,73.25725893866404,1121.96,74.26
529,849651,417332,432319,666067,3517,Maharashtra,Sindhudurg,16.170948049777163,73.51329008172343,1035.91,78.39
530,3876001,1980658,1895343,2825845,22269,Maharashtra,Kolhapur,16.44881301587301,74.12897150793648,956.93,72.91
531,2822143,1435728,1386415,2049467,13212,Maharashtra,Sangli,17.154930181086502,74.70713822937628,965.65,72.62
532,2741239,1369597,1371642,1483347,5512,Andhra Pradesh,Adilabad,19.284513950073435,78.81321233480176,1001.49,54.11
533,2551335,1250641,1300694,1389810,5261,Andhra Pradesh,Nizamabad,18.429485849056604,78.07523490566035,1040.02,54.47
534,3776269,1880800,1895469,2206829,8831,Andhra Pradesh,Karimnagar,18.515483193277312,79.43765428571413,1007.8,58.44
535,3033288,1523030,1510258,1637137,8635,Andhra Pradesh,Medak,17.889304978038055,78.13778901903379,991.61,53.97
536,3943323,2018575,1924748,2892155,149034,Andhra Pradesh,Hyderabad,17.38971555555556,78.46668888888888,953.52,73.34
538,4053028,2050386,2002642,1940646,6153,Andhra Pradesh,Mahbubnagar,16.639546224256293,77.98933089244859,976.71,47.88
539,3488809,1759772,1729037,2001019,7715,Andhra Pradesh,Nalgonda,17.113250515463907,79.16984453608244,982.53,57.36
540,3512576,1759281,1753295,2065023,12952,Andhra Pradesh,Warangal,18.01752608695651,79.87422028985509,996.6,58.79
541,2797370,1390988,1406382,1630234,8628,Andhra Pradesh,Khammam,17.683921325051784,80.67008643892335,1011.07,58.28
542,2703114,1341738,1361376,1495381,3988,Andhra Pradesh,Srikakulam,18.570900998697432,84.25874814010675,1014.64,55.32
543,2344474,1161477,1182997,1238388,4453,Andhra Pradesh,Vizianagaram,18.28329696032972,83.45982854198873,1018.53,52.82
545,5154296,2569688,2584608,3288577,22411,Andhra Pradesh,East Godavari,16.782718320784902,82.2432074720511,1005.81,63.8
546,3936966,1964918,1972048,2652389,12050,Andhra Pradesh,West Godavari,16.63297943925236,81.45912990654196,1003.63,67.37
547,4517398,2267375,2250023,3009718,30438,Andhra Pradesh,Krishna,16.143872753151673,81.14805061000413,992.35,66.63
548,4887813,2440521,2447292,2960441,19383,Andhra Pradesh,Guntur,15.884925767634847,80.58657614107885,1002.77,60.57
549,3397448,1714764,1682684,1904435,6151,Andhra Pradesh,Prakasam,15.489039001601704,80.11665790176184,981.29,56.05
552,4053463,2039227,2014236,2127161,10081,Andhra Pradesh,Kurnool,15.43759715142429,77.90086836581717,987.74,52.48
553,4081148,2064495,2016653,2310960,8606,Andhra Pradesh,Anantapur,14.312065561843148,77.4601584478577,976.83,56.63
554,4174064,2090204,2083860,2667878,13763,Andhra Pradesh,Chittoor,13.33109263067696,78.92763898886037,996.96,63.92
555,4779661,2423063,2356598,3052032,17560,Karnataka,Belgaum,16.16107219152853,74.72329042357275,972.57,63.85
556,1889752,950111,939641,1113412,3745,Karnataka,Bagalkot,16.15860676328503,75.64526070853468,988.98,58.92
557,2177331,1111022,1066309,1248268,4987,Karnataka,Bijapur,16.84015316666667,75.95909166666665,959.76,57.33
558,1703300,870665,832635,1042673,3971,Karnataka,Bidar,17.950361730769224,77.19459961538459,956.32,61.21
559,1928812,964511,964301,979769,5200,Karnataka,Raichur,16.050795353982295,76.87368606194688,999.78,50.8
560,1389920,699926,689994,809085,2135,Karnataka,Koppal,15.651253271028034,76.1617048598131,985.81,58.21
561,1064570,537147,527423,700177,3373,Karnataka,Gadag,15.507128256880746,75.64861302752298,981.9,65.77
562,1847023,937206,909817,1301664,15013,Karnataka,Dharwad,15.343831376975173,75.13831264108359,970.78,70.47
564,1597668,819128,778540,1085443,2456,Karnataka,Haveri,14.737582809224318,75.3961230607966,950.45,67.94
565,2452595,1236954,1215641,1421621,9626,Karnataka,Bellary,15.074377548209377,76.47228471074374,982.77,57.96
566,1659456,840843,818613,1087392,5711,Karnataka,Chitradurga,14.29102220394736,76.57821957236843,973.56,65.53
567,1945497,986400,959097,1308540,7320,Karnataka,Davanagere,14.330414586709884,75.91723841166937,972.32,67.26
568,1752753,877415,875338,1263016,8791,Karnataka,Shimoga,14.063845885634592,75.17882078103197,997.63,72.06
569,1177361,562131,615230,926429,9070,Karnataka,Udupi,13.450404228534568,74.72009990316337,1094.46,78.69
570,1137961,566622,571339,818345,4510,Karnataka,Chikmagalur,13.425288289676422,75.67626502311249,1008.32,71.91
571,2678980,1350594,1328386,1813391,7971,Karnataka,Tumkur,13.592467760074973,77.02297966260545,983.56,67.69
573,1805769,905085,900684,1149649,3367,Karnataka,Mandya,12.574901806239744,76.81570098522172,995.14,63.67
574,1776421,883667,892754,1225256,4851,Karnataka,Hassan,12.945098749999998,76.11049549999997,1010.28,68.97
576,554519,274608,279911,412877,3308,Karnataka,Kodagu,12.39684468085106,75.79336595744688,1019.31,74.46
577,3001127,1511600,1489527,1962180,28397,Karnataka,Mysore,12.248100259403367,76.52881802853437,985.4,65.38
579,2566326,1301755,1264571,1427368,9752,Karnataka,Gulbarga,17.070459515951594,76.87503850385033,971.44,55.62
581,1536401,776396,760005,1016219,5051,Karnataka,Kolar,13.312799881235172,78.01376947743476,978.89,66.14
583,990923,509172,481751,688749,3729,Karnataka,Bangalore Rural,12.936827087794448,77.47369314775169,946.15,69.51
585,818008,416677,401331,663060,23440,Goa,North Goa,15.548723418714054,73.80667997909038,963.17,81.06
586,640537,322463,318074,502427,17624,Goa,South Goa,15.195278658183785,73.941792596877,986.39,78.44
588,1307375,628613,678762,1037492,10378,Kerala,Kasaragod,12.33310309912974,75.07768497134369,1079.78,79.36
589,2523003,1181446,1341557,2138434,32653,Kerala,Kannur,11.941523076923056,75.35209891725934,1135.52,84.76
590,817420,401684,415736,645585,4712,Kerala,Wayanad,11.715277464788736,76.07587007042254,1034.98,78.98
591,3086293,1470942,1615351,2615443,36791,Kerala,Kozhikode,11.392924270557026,75.71158720159153,1098.17,84.74
592,4112920,1960328,2152592,3311315,27909,Kerala,Malappuram,10.97329875666072,75.93910775606876,1098.08,80.51
593,2809934,1359478,1450456,2239492,27162,Kerala,Palakkad,10.784926903553291,76.49980490693744,1066.92,79.7
594,3121200,1480763,1640437,2678548,56148,Kerala,Thrissur,10.458932647907687,76.12321940836945,1107.83,85.82
595,3282388,1619557,1662831,2855676,88737,Kerala,Ernakulam,10.004879301987431,76.26957729035381,1026.72,87.0
596,1108974,552808,556166,923010,8250,Kerala,Idukki,9.80480963855423,77.04586641566264,1006.07,83.23
597,1974551,968289,1006262,1749798,37849,Kerala,Kottayam,9.643701174068417,76.46059673302705,1039.22,88.62
598,2127789,1013142,1114647,1852797,28842,Kerala,Alappuzha,9.542602965599087,76.38010796263319,1100.19,87.08
600,2635375,1246968,1388407,2240273,31542,Kerala,Kollam,8.929388820570157,76.6360775852431,1113.43,85.01
601,3301427,1581678,1719749,2785408,71621,Kerala,Thiruvananthapuram,8.537101759082221,76.88711502868073,1087.29,84.37
602,3728104,1876062,1852042,2791721,75634,Tamil Nadu,Thiruvallur,13.275858101752885,80.19724702864492,987.2,74.88
603,4646732,2335844,2310888,3776276,217368,Tamil Nadu,Chennai,13.058098905608748,80.28139151846806,989.32,81.27
604,3998252,2012958,1985294,3013382,100322,Tamil Nadu,Kancheepuram,12.496424756511884,80.08820360135913,986.26,75.37
605,3936331,1961688,1974643,2773928,20623,Tamil Nadu,Vellore,12.784882632293078,79.02643283582084,1006.6,70.47
606,2464875,1235889,1228986,1626813,6445,Tamil Nadu,Tiruvannamalai,12.419318947368414,79.23265631578953,994.41,66.0
608,3482056,1781571,1700485,2285562,20660,Tamil Nadu,Salem,11.629324202127655,78.2478257978723,954.49,65.64
609,1726601,869280,857321,1176131,8960,Tamil Nadu,Namakkal,11.33766638477801,78.14624841437633,986.24,68.12
610,2251744,1129868,1121876,1492662,18604,Tamil Nadu,Erode,11.267012155963302,77.42034334862392,992.93,66.29
612,2159775,1080938,1078837,1481834,9155,Tamil Nadu,Dindigul,10.377801390820574,77.78011279554937,998.06,68.61
613,1064493,528184,536309,727044,4915,Tamil Nadu,Karur,10.79532776617955,78.08749686847604,1015.38,68.3
615,565223,282157,283066,375823,1507,Tamil Nadu,Perambalur,11.260137758112096,78.86034011799416,1003.22,66.49
616,754894,374703,380191,480604,1749,Tamil Nadu,Ariyalur,11.190514836795256,79.22249643916912,1014.65,63.67
617,2605914,1311697,1294217,1815281,15396,Tamil Nadu,Cuddalore,11.57587300613498,79.63002365371497,986.67,69.66
618,1616450,798127,818323,1213008,5585,Tamil Nadu,Nagapattinam,10.789468161718286,79.79437299431483,1025.3,75.04
619,1264277,626693,637584,946471,4416,Tamil Nadu,Thiruvarur,10.368927409395978,79.60322893959727,1017.38,74.86
620,2405890,1182416,1223474,1790998,13495,Tamil Nadu,Thanjavur,10.387692255892237,79.3194869107745,1034.72,74.44
621,1618345,803188,815157,1110545,4494,Tamil Nadu,Pudukkottai,10.130514816433578,79.05444484265728,1014.9,68.62
622,1339101,668672,670429,959744,5773,Tamil Nadu,Sivaganga,9.960306580645158,78.56535729032255,1002.63,71.67
623,3038252,1526475,1511777,2273430,34097,Tamil Nadu,Madurai,9.904313833333331,78.01366033333332,990.37,74.83
624,1245899,625683,620216,870080,4667,Tamil Nadu,Theni,9.924066666666668,77.43458833333332,991.26,69.84
625,1942288,967709,974579,1398788,10219,Tamil Nadu,Virudhunagar,9.468872195892564,77.87641469194315,1007.1,72.02
626,1353445,682658,670787,978946,5172,Tamil Nadu,Ramanathapuram,9.31286995153476,78.99185362412462,982.61,72.33
629,1870374,926345,944029,1548738,15673,Tamil Nadu,Kanniyakumari,8.183466300191206,77.32053064053538,1019.09,82.8
630,1506843,774303,732540,917709,3651,Tamil Nadu,Dharmapuri,12.300141200000006,78.11509813333339,946.06,60.9
632,3458045,1729297,1728748,2635907,63273,Tamil Nadu,Coimbatore,10.871376995940452,77.07619012178621,999.68,76.23
634,55626,27301,28325,39274,207,Puducherry,Yanam,16.707695652173904,82.26187304347832,1037.51,70.6
636,41816,19143,22673,36470,574,Puducherry,Mahe,12.006420793787758,75.28275021570326,1184.4,87.22
637,200222,97809,102413,154916,1868,Puducherry,Karaikal,10.876161726078813,79.82369793621002,1047.07,77.37
